{"cameraMode":{"drawMode":0,"name":"Shaded","section":"Shading Mode"},"sceneLighting":true,"audioPlay":false,"sceneViewState":{"showFog":true,"showMaterialUpdate":false,"showSkybox":true,"showFlares":true,"showImageEffects":true,"showParticleSystems":true},"in2DMode":false,"pivot":{"x":-6.790831089019775,"y":22.114450454711915,"z":1.0946712493896485},"rotation":{"x":0.11272899806499481,"y":0.8727227449417114,"z":-0.4106108844280243,"w":0.23921261727809907},"size":10.301151275634766,"orthographic":false}