{"cameraMode":{"drawMode":0,"name":"Shaded","section":"Shading Mode"},"sceneLighting":false,"audioPlay":false,"sceneViewState":{"showFog":true,"showMaterialUpdate":false,"showSkybox":true,"showFlares":true,"showImageEffects":true,"showParticleSystems":true},"in2DMode":false,"pivot":{"x":12.097465515136719,"y":2.174994945526123,"z":-0.1318824142217636},"rotation":{"x":0.15725623071193696,"y":0.7290737628936768,"z":-0.17866204679012299,"w":0.6417722702026367},"size":10.0,"orthographic":false}