{"cameraMode":{"drawMode":0,"name":"Shaded","section":"Shading Mode"},"sceneLighting":true,"audioPlay":false,"sceneViewState":{"showFog":true,"showMaterialUpdate":false,"showSkybox":true,"showFlares":true,"showImageEffects":true,"showParticleSystems":true},"in2DMode":false,"pivot":{"x":-19.37751007080078,"y":-5.9767866134643559,"z":-0.23396539688110352},"rotation":{"x":-0.1727358102798462,"y":0.6352919340133667,"z":-0.14851969480514527,"w":-0.7379881143569946},"size":10.0,"orthographic":false}