{"cameraMode":{"drawMode":0,"name":"Shaded","section":"Shading Mode"},"sceneLighting":false,"audioPlay":false,"sceneViewState":{"showFog":true,"showMaterialUpdate":false,"showSkybox":false,"showFlares":true,"showImageEffects":true,"showParticleSystems":true},"in2DMode":false,"pivot":{"x":0.41746601462364199,"y":2.5513641834259035,"z":2.2803714275360109},"rotation":{"x":-0.026723669841885568,"y":0.9693085551261902,"z":-0.21147972345352174,"w":-0.1224871352314949},"size":3.024744749069214,"orthographic":false}