{"cameraMode":{"drawMode":0,"name":"Shaded","section":"Shading Mode"},"sceneLighting":true,"audioPlay":false,"sceneViewState":{"showFog":true,"showMaterialUpdate":false,"showSkybox":false,"showFlares":true,"showImageEffects":true,"showParticleSystems":true},"in2DMode":false,"pivot":{"x":1.8157689571380616,"y":-4.731910228729248,"z":5.59207820892334},"rotation":{"x":0.352535605430603,"y":0.13935445249080659,"z":-0.05310989171266556,"w":0.9239057898521423},"size":7.274612903594971,"orthographic":false}