{"cameraMode":{"drawMode":0,"name":"Shaded","section":"Shading Mode"},"sceneLighting":false,"audioPlay":false,"sceneViewState":{"showFog":true,"showMaterialUpdate":false,"showSkybox":false,"showFlares":true,"showImageEffects":true,"showParticleSystems":true},"in2DMode":false,"pivot":{"x":1.6766681671142579,"y":3.0574991703033449,"z":0.43444299697875979},"rotation":{"x":-0.03550345450639725,"y":0.9643508195877075,"z":-0.1937870979309082,"w":-0.17667728662490846},"size":2.872281551361084,"orthographic":false}