{"cameraMode":{"drawMode":0,"name":"Shaded","section":"Shading Mode"},"sceneLighting":false,"audioPlay":false,"sceneViewState":{"showFog":true,"showMaterialUpdate":false,"showSkybox":true,"showFlares":true,"showImageEffects":true,"showParticleSystems":true},"in2DMode":false,"pivot":{"x":-179.56398010253907,"y":3.021226167678833,"z":29.624065399169923},"rotation":{"x":-0.013067398220300675,"y":0.31855741143226626,"z":0.0025428629014641048,"w":0.9481256604194641},"size":10.0,"orthographic":false}